2025-09-06T12:16:48.958323234,print echipe
2025-09-06T12:16:49.909381049,print echipe
2025-09-06T12:18:11.232688901,print employees
2025-09-06T12:18:36.991522928,adauga employee
2025-09-06T12:18:39.676744917,print echipe
2025-09-06T12:18:44.784655396,print employees
2025-09-06T12:22:23.702563513,print masini
2025-09-06T12:23:13.996669982,adauga masina
2025-09-06T12:23:17.212810402,print masini
2025-09-06T12:23:36.326512068,adauga masina
2025-09-06T12:23:38.888374670,print masini
2025-09-06T12:24:01.532110523,print masini
2025-09-06T12:27:02.885598584,print echipe
2025-09-06T12:27:49.571125210,vezi sponsors
2025-09-06T12:28:00.046124616,adauga sponsor
2025-09-06T12:28:02.224256090,vezi sponsors
2025-09-06T12:28:05.927630562,print echipe
2025-09-06T12:46:25.180507056,see circuits
2025-09-06T12:46:32.379325985,improve best_ms for circuit 1 by 1000.0
2025-09-06T12:51:38.124959498,see circuits
2025-09-06T12:51:47.695883343,see circuits
2025-09-06T12:51:58.902393792,improve best_ms for circuit
2025-09-06T12:52:00.631288525,see circuits
2025-09-06T12:52:20.795613091,improve best_ms for circuit
2025-09-06T12:52:25.995354471,see circuits
2025-09-06T12:54:56.540914017,see circuits
2025-09-06T12:55:04.853124230,print employees
2025-09-06T12:55:06.124301820,print employees
2025-09-06T21:12:16.885647600,adauga employee
2025-09-06T21:12:52.590679300,see circuits
2025-09-06T21:14:46.825920700,improve best_ms for circuit
2025-09-06T21:15:10.869711400,see circuits
2025-09-06T21:15:43.460163600,print employees
2025-09-06T21:16:11.964266400,vezi sponsors
2025-09-06T21:16:40.335661900,venit total
2025-09-06T21:16:53.219722700,print echipe
2025-09-06T21:49:03.343482800,see circuits
2025-09-06T22:55:28.673904,print employees
2025-09-06T22:55:44.891100,remove eployee
2025-09-06T22:55:51.381840700,print employees
2025-09-06T23:16:28.074670100,print masini
2025-09-06T23:16:44.615642700,see circuits
2025-09-06T23:17:09.903765200,improve best_ms for circuit
2025-09-06T23:17:16.801519700,see circuits
2025-09-07T15:56:22.947042600,print echipe
2025-09-07T15:56:56.280252400,print teams_collection
2025-09-07T16:06:32.292097800,see circuits
2025-09-07T16:06:53.932145500,improve best_ms for circuit
2025-09-07T16:07:06.771884200,see circuits
